"id","title"
9537,"Vinho Tinto Merlot Santa Helena Reservado 750ml"
9538,"Vinho Branco Sauvignon Blanc Santa Helena 750ml"
9539,"Vinho Tinto Cabernet Merlot Santa Helena Reservado 750ml"
9540,"Vinho Tinto Carménère Santa Helena Reservado 750ml"
9541,"Vinho Tinto Cabernet Sauvignon Santa Helena Reservado 750ml"
9542,"Vinho Tinto Malbec Santa Helena Reservado 750ml"
9543,"Vinho Branco Chardonnay Santa Helena Reservado 750ml"
9566,"Vinho Tinto Seco Pinot Noir Santa Helena Gran Reserva 750ml"
9567,"Espumante Brut Salton 750ml"
9568,"Espumante Salton Brut Rosé 750ml"
9612,"Espumante Cava Brut Rosé Toro Loco 750ml"
9613,"Espumante Cava Brut Toro Loco 750ml"
9614,"Vinho Branco Jurupinga Dinalle 975ml"
9617,"Vinho Tinto Suave de Mesa Pérgola 1L"
9623,"Vinho Tinto Suave Chalise 750ml"
9624,"Vinho Branco Suave Góes Tradição 750ml"
9629,"Vinho Bordô Tinto Suave Tradição Góes 750ml"
9634,"Vinho Tinto Regional Duriense Gravuras do Côa 750ml"
9635,"Vinho Branco Regional Duriense Gravuras do Côa 750ml"
9638,"Vinho Tinto Dão Caminho Romano 750ml"
9639,"Vinho Tinto de Mesa Vino Rosso 750ml"
9640,"Vinho Tinto Negroamaro Corte Lavinia 750ml"
9641,"Vinho Rosé Gala Rosato 750ml"
9642,"Vinho Verde Terras da Nóbrega 750ml"
9674,"Espumante Chandon Réserve Brut 750ml"
9675,"Espumante Chandon Réserve Brut Baby 187ml"
9677,"Vinho Tinto Cantina da Serra 880ml"
9678,"Espumante Brut Salton 750ml"
9706,"Vinho Tinto Malbec Santa Helena 750ml"
9707,"Vinho Tinto Merlot Santa Helena Reservado 750ml"
9708,"Vinho Tinto Carménère Santa Helena Reservado 750ml"
9709,"Vinho Tinto Suave Chalise 750ml"
9806,"Cooler Sabor Abacaxi Nono Tomasi 750ml"
9808,"Vinho Tinto de Mesa Seco Tomio 750ml"
9809,"Coquetel Cantinho do Vale 2L"
9868,"Vinho Tinto Suave Santomé 1L"
9869,"Vinho Tinto Suave Santomé 750ml"
9886,"Espumante Moscatel Salton 750ml"
9896,"Espumante Moscatel Georges Aubert 750ml"
9897,"Espumante Rosé Brut Georges Aubert 750ml"
9898,"Espumante Branco Brut Rio Sol 750ml"
9899,"Espumante Demi-Sec Rio Sol 750ml"
9900,"Espumante Massimiliano Brut 750ml"
9901,"Espumante Massimiliano Demi-Sec 750ml"
9902,"Espumante Massimiliano Moscatel 750ml"
9916,"Vinho Tinto Bordô Suave Quinta do Morgado 1L"
9917,"Vinho Tinto Suave Naturelle 750ml"
9918,"Vinho Tinto Seco Cabernet Sauvignon Carta Vieja 750ml"
9919,"Vinto Tinto Seco Carménère Carta Vieja 750ml"
9920,"Vinho Tinto Seco Merlot Carta Vieja 750ml"
9921,"Vinho Tinto Seco Cabernet Sauvignon Casillero Del Diablo 750ml"
9922,"Vinho Tinto Merlot Casillero Del Diablo 750ml"
9923,"Vinho Tinto Seco Merlot Casillero Del Diablo 750ml"
9924,"Vinho Tinto Seco Malbec Punto Final 750ml"
9925,"Vinho Tinto Seco Cabernet Sauvignon Faro I8 750ml"
9926,"Vinho Tinto Seco Carménère Faro I8 750ml"
9927,"Vinho Tinto Seco Merlot Faro I8 750ml"
9928,"Vinho Tinto Assemblage Massimiliano Demi-Sec 750ml"
9929,"Vinho Tinto Seco Cabernet Sauvignon Massimiliano 750ml"
9930,"Vinho Branco Chardonnay I8 750ml"
9931,"Vinho Branco Riesling Almadén 750ml"
9934,"Vinho Branco Sauvignon Blanc Gato Negro 750ml"
9946,"Vinho Tinto Suave de Mesa Original Góes 750ml"
9969,"Vinho Tinto Suave Campo Largo 750ml"
9970,"Vinho Tinto Carménère Reservado Concha y Toro 750ml"
9978,"Vinho Tinto Suave Galiotto 1L"
9989,"Vinho Tinto Clássico Bolla Valpolicella 750ml"
9992,"Vinho Tinto Seco Sangue de Boi 750ml"
9993,"Vinho Tinto Seco Santomé 1L"
9994,"Vinho Branco Chardonnay Santa Alicia 750ml"
9995,"Vinho Tinto Frisante Amabile Lambrusco Villa Fabrizia 750ml"
9996,"Vinho Tinto Carménère Santa Alicia 750ml"
9997,"Vinho Tinto Cabernet Sauvignon Fincas Privadas 750ml"
9998,"Vinho Branco Amabile Lambrusco Villa Fabrizia 750ml"
10008,"Vinho Tinto Periquita 750ml"
10031,"Vinho Branco Doce Vermouth Contini 900ml"
10033,"Vinho Tinto Merlot Valle Central Santa Alicia 750ml"
10034,"Vinho Tinto Cabernet Sauvignon Valle Central Santa Alicia 750ml"
10037,"Vinho Tinto Malbec Fincas Privadas 750ml"
10038,"Vinho Tinto Bonarda Fincas Privadas 750ml"
10056,"Vinho Tinto Syrah Fincas Privadas 750ml"
10057,"Vinho Branco Suave de Mesa Pérgola 1L"
10058,"Vinho Tinto de Mesa Seco Vilena 750ml"
10059,"Vinho Tinto de Mesa Suave Vilena 750ml"
10118,"Vinho Tinto Suave de Mesa Pérgola 750ml"
10119,"Chopp de Vinho Draft 600ml"
10126,"Vinho Tinto Cabernet Sauvignon Trapiche Vineyards 750ml"
10210,"Espumante Mumm Cuvée Brut Argentino 750ml"
10270,"Vinho Tinto Cabernet Sauvignon Reservado Concha y Toro 750ml"
10271,"Vinho Tinto Carménère Reservado Concha y Toro 750ml"
10272,"Vinho Tinto Merlot Reservado Concha y Toro 750ml"
10273,"Vinho Tinto Malbec Reservado Concha y Toro 750ml"
10274,"Vinho Branco Sauvignon Blanc Pedro Jimenez Reservado Concha y Toro 750ml"
10275,"Vinho Tinto Carménère Secret Reserve Santa Rita 750ml"
10276,"Vinho Tinto Cabernet Sauvignon Secret Reserve Santa Rita 750ml"
10919,"Vinho Tinto Vivant 269ml"
10920,"Vinho Branco Vivant 269ml"
10921,"Vinho Rosé Vivant 269ml"
11135,"Vinho Branco Arya 269ml"
11136,"Vinho Rosé Arya 269ml"
11137,"Vinho Tinto Arya 269ml"
11138,"Prosecco Brut Arya 250ml"
11356,"Vinho Bordô Tinto Suave Quinta Jubair 750ml"
11594,"Espumante Brut VIC Bueno 750ml"
11595,"Vinho Tinto Bueno Cabernet Sauvignon VIN 750ml"
11596,"Espumante Brut Rosé Desirée Bueno 750ml"
11597,"Vinho Branco Sauvignon Blanc Bellavista Bueno 750ml"
11599,"Vinho Tinto Paralelo 31 Bueno 750ml"
11600,"Espumante Cuvée Prestige Brut Bueno 750ml"
11601,"Vinho Tinto Anima Bueno 750ml"
11709,"Vinho Rosé Let's Wines 269ml"
11710,"Vinho Branco Let's Wines 269ml"
11838,"Chopp de Vinho Draft 300ml"
11839,"Chopp de Vinho Draft 350ml"
11840,"Chopp de Vinho White Draft 600ml"
11841,"Chopp de Vinho White Draft 300ml"
11842,"Chopp de Vinho Peach Draft 600ml"
11843,"Chopp de Vinho Peach Draft 300ml"
11844,"Chopp de Vinho Ice Draft 600ml"
11845,"Chopp de Vinho Ice Draft 300ml"
12236,"Vinho Tinto Pinot Noir Bellavista Bueno 750ml"
12510,"Espumante Moscatel Spina 270ml"
12511,"Espumante Brut Prosecco Spina 270ml"
12754,"Vinho Tinto Cabernet Sauvignon Fabenne BIB 3L"
12755,"Vinho Branco Moscato Giallo Fabenne BagInBox 3L"
12756,"Vinho Rosé Fabenne BagInBox 3L"
13082,"Vinho Tinto Cabernet Sauvignon Cava Negra 750ml"
13083,"Vinho Branco Chardonnay Cava Negra 750ml"
13084,"Vinho Branco Chardonnay Cava Negra 375ml"
13085,"Vinho Tinto Malbec Cava Negra 750ml"
13086,"Vinho Tinto Malbec Cava Negra 375ml"
13087,"Vinho Tinto Merlot Cava Negra 750ml"
13088,"Vinho Branco Torrontés Cava Negra 750ml"
13089,"Vinho Tinto Cabernet Sauvignon Las Perdices 750ml"
13090,"Vinho Tinto Malbec Las Perdices 750ml"
13091,"Vinho Branco Pinot Grigio Las Perdices 750ml"
13092,"Vinho Tinto Syrah Viognier Las Perdices 750ml"
13093,"Vinho Branco Torrontés Las Perdices 750ml"
13094,"Vinho Branco Viognier Las Perdices 750ml"
13095,"Vinho Branco Sauvignon Blanc Las Perdices 750ml"
13096,"Vinho Rosé Malbec Las Perdices 750ml"
13097,"Vinho Branco Reserva Albariño Las Perdices 750ml"
13098,"Vinho Tinto Reserva Bonarda Las Perdices 750ml"
13099,"Vinho Tinto Reserva Cabernet Sauvignon Las Perdices 750ml"
13100,"Vinho Tinto Reserva Malbec Las Perdices 750ml"
13101,"Vinho Tinto Reserva Pinot Noir Las Perdices 750ml"
13102,"Vinho Branco Reserva Chardonnay Las Perdices 750ml"
13103,"Vinho Branco Sauvignon Blanc Chac Chac 750ml"
13104,"Vinho Tinto Malbec Chac Chac 750ml"
13105,"Vinho Rosé Malbec Chac Chac 750ml"
13106,"Vinho Tinto Negro Malbec Mendoza 750ml"
13107,"Vinho Tinto Negro Malbec Uco Valley 750ml"
13108,"Vinho Tinto Cabernet Sauvignon Casas del Toqui 750ml"
13109,"Vinho Tinto Carménère Casas del Toqui 750ml"
13110,"Vinho Tinto Merlot Casas del Toqui 750ml"
13111,"Vinho Branco Chardonnay Casas del Toqui 750ml"
13112,"Vinho Branco Sauvignon Blanc Casas del Toqui 750ml"
13113,"Vinho Rosé Single Estate Casas del Toqui 750ml"
13114,"Vinho Tinto Reserva Cabernet Sauvignon Foye 750ml"
13115,"Vinho Tinto Reserva Carménère Foye 750ml"
13116,"Vinho Branco Reserva Chardonnay Foye 750ml"
13117,"Vinho Branco Reserva Sauvignon Foye 750ml"
13118,"Vinho Branco D.O.P. Utiel-Requena Toro Loco 750ml"
13119,"Vinho Rosé D.O.P. Utiel-Requena Toro Loco 750ml"
13120,"Vinho Tinto Superior Toro Loco 750ml"
13121,"Vinho Tinto Crianza Toro Loco 750ml"
13122,"Vinho Tinto Alecrim 750ml"
13123,"Vinho Branco Alecrim 750ml"
13124,"Vinho Branco Encostas de Estremoz Bis 750ml"
13125,"Vinho Rosé Encostas de Estremoz Bis 750ml"
13126,"Vinho Tinto Encostas de Estremoz Bis 750ml"
13127,"Vinho Tinto Cabernet Sauvignon Redwood 750ml"
13128,"Vinho Branco Chardonnay Redwood 750ml"
13129,"Espumante Brut Chac Chac 750ml"
13130,"Espumante Branco Brut De Vergy 750ml"
13131,"Espumante Branco Demi-Sec Brut De Vergy 750ml"
13132,"Espumante Rosé Brut De Vergy 750ml"
13171,"Vinho Tinto Cabernet Franc e Syrah Somm 269ml"
13172,"Vinho Rosé Cabernet Sauvignon e Grenache Somm 269ml"
13173,"Vinho Frisante Branco Muscat Somm 269ml"
13174,"Vinho Branco Pinot Grigio e Muscat Somm 269ml"
13495,"Vinho Branco Frisante Moscato Vivant 269ml"
13801,"Vinho Cantina da Serra 1,5L"
13802,"Vinho Cantina da Serra 4,6L"
13818,"Chopp de Vinho Pink Moon | Vidro 600ml"
13819,"Chopp de Vinho Pink Moon | PET 600ml"
13820,"Chopp de Vinho Pink Moon | PET 300ml"
13898,"Vinho Tinto Seco Miolo Reserva Cabernet Sauvignon 750ml"
13899,"Vinho Branco Seco Miolo Reserva Chardonnay 750ml"
13900,"Vinho Tinto Seco Miolo Seleção Cabernet Sauvignon & Merlot 750ml"
13901,"Vinho Branco Seco Miolo Seleção Chardonnay & Viognier 750ml"
13902,"Vinho Rosé Seco Miolo Seleção Cabernet Sauvignon & Tempranillo 750ml"
13903,"Espumante Brut Rosé Seival by Miolo 750ml"
13904,"Espumante Brut Seival by Miolo 750ml"
13905,"Espumante Moscatel Terranova 750ml"
13906,"Vinho Branco Seco Relevos 750ml | Apenas Líquido"
13907,"Vinho Branco Seco Relevos 750ml | Vasilhame Incluso"
13908,"Vinho Tinto Suave Relevos 750ml | Apenas Líquido"
13909,"Vinho Tinto Suave Relevos 750ml | Vasilhame Incluso"
13920,"Vinho Rosé Veroni 750ml"
13961,"Vinho Tinto Seco Relevos 750ml | Apenas Líquido"
13962,"Vinho Tinto Seco Relevos 750ml | Vasilhame Incluso"
13998,"Vinho Rosé Frisante Vivant 269ml"
14088,"Vinho Tinto Cabernet Sauvignon Paradoxo Salton 750ml"
14089,"Espumante Demi-Sec Salton 750ml"
14090,"Vinho Tinto Merlot Paradoxo Salton 750ml"
14091,"Espumante Prosecco Rosé Salton 750ml"
14092,"Vinho Tinto Pinot Noir Paradoxo Salton 750ml"
14093,"Vinho Branco Chardonnay Paradoxo Salton 750ml"
14094,"Espumante Rosé Moscatel Salton 750ml"
14095,"Vinho Rosé Intenso Salton 750ml"
14096,"Espumante Ouro Salton 750ml"
14097,"Vinho Tinto Cabernet Sauvignon Intenso Salton 750ml"
14152,"Vinho Tinto Malbec Santa Helena Reservado 750ml"
14153,"Vinho Rosé Santa Helena Reservado 750ml"
14154,"Vinho Branco Chardonnay Santa Helena Reservado 750ml"
14155,"Vinho Tinto Merlot Santa Helena Reservado 750ml"
14156,"Vinho Branco Sauvignon Blanc Santa Helena Reservado 750ml"
14157,"Vinho Branco Chardonnay Trapiche 750ml"
14158,"Vinho Tinto Malbec Trapiche Vineyards 750ml"
14159,"Vinho Tinto Merlot Trapiche Vineyards 750ml"
14160,"Vinho Tinto Pinot Noir Trapiche Vineyards 750ml"
14161,"Vinho Tinto Cabernet Sauvignon Gato Negro 750ml"
14162,"Vinho Tinto Carménère Gato Negro 750ml"
14163,"Vinho Branco Chardonnay Gato Negro 750ml"
14164,"Vinho Tinto Merlot Gato Negro 750ml"
14165,"Vinho Tinto Pinot Noir Gato Negro 750ml"
14166,"Vinho Rosé Casal Garcia 750ml"
14167,"Vinho Branco Sweet Casal Garcia 750ml"
14168,"Vinho Tinto Sweet Red Casal Garcia 750ml"
14169,"Vinho Tinto Casal Garcia 750ml"
14170,"Vinho Branco Verde Casal Garcia 750ml"
14171,"Vinho Tinto Red Blend Periquita 750ml"
14216,"Vinho Tinto Pinot Noir Redwood Creek 750ml"
14530,"Vinho Tinto Cabernet Sauvignon Família Barberis 750ml"
14531,"Vinho Tinto Malbec Família Barberis 750ml"
14532,"Vinho Tinto Clos De Los Siete 750ml"
14533,"Vinho Tinto Cabernet Franc Chac Chac 750ml"
14534,"Vinho Branco Pinot Gris Pfalz Edition Ernst Loosen 750ml"
14535,"Vinho Rosé Pinot Noir Pfalz Edition Ernst Loosen 750ml"
14536,"Vinho Branco Reserva Riesling Ernst Loosen 750ml"
14537,"Vinho Tinto Reserva Cabernet Sauvignon Casas Del Toqui 750ml"
14538,"Vinho Tinto Reserva Carménère Casas Del Toqui 750ml"
14539,"Vinho Tinto Cabernet Sauvignon Carnivor 750ml"
14540,"Vinho Tinto Zinfandel Carnivor 750ml"
14541,"Vinho Branco Chardonnay Macabeo Esteban Martín 750ml"
14542,"Vinho Rosé Garnacha Esteban Martín 750ml"
14543,"Vinho Tinto Garnacha Syrah Esteban Martín 750ml"
14544,"Vinho Tinto Negroamaro Del Salento Alese 750ml"
14549,"Vinho Tinto Dornfelder Pfalz Edition Ernst Loosen 750ml"
14550,"Vinho Tinto Primitivo Del Salento Lianto 750ml"
14551,"Vinho Rosé Negroamaro Del Salento Elide 750ml"
14552,"Vinho Branco Malvasia Bianca Del Salento Velea 750ml"
14553,"Vinho Tinto Chianti Classico Carpineto 750ml"
14554,"Vinho Branco Dogajolo Toscano Carpineto 750ml"
14555,"Vinho Rosé Dogajolo Toscano Carpineto 750ml"
14556,"Vinho Tinto Dogajolo Toscano Carpineto 750ml"
14557,"Vinho Rosé Alecrim 750ml"
14558,"Vinho Branco Verde D.O.C. Bis 750ml"
14559,"Vinho Tinto Cabernet Sauvignon Le Petit Cochonnet 750ml"
14560,"Vinho Tinto Merlot Le Petit Cochonnet 750ml"
14561,"Vinho Tinto Pinot Noir Le Petit Cochonnet 750ml"
14562,"Vinho Branco Chardonnay Le Petit Cochonnet 750ml"
14563,"Vinho Branco Sauvignon Le Petit Cochonnet 750ml"
14564,"Vinho Rosé Grenache Le Petit Cochonnet 750ml"
14632,"Espumante Brut Blanc de Noir Desirée Bueno 750ml"
14633,"Vinho Bueno Rosé VIN Seco 750ml"
14902,"Vinho Tinto de Mesa Suave Campino Tradicional 750ml"
14903,"Vinho Rosado de Mesa Suave Campino Tradicional 750ml"
14904,"Vinho Branco de Mesa Seco Niágara Tradicional 750ml"
14905,"Vinho Branco Licoroso Doce Tradicional Campino 750ml"
14906,"Vinho Branco de Mesa Suave Campino Tradicional 750ml"
14907,"Cooler de Pêssego Campino 750ml"
14908,"Vinho Branco de Mesa Niágara Suave Clássico 750ml"
14911,"Espumante Natural Branco Brut Metodo Tradicional 750ml"
14912,"Espumante Moscatel Rosé Charme 750ml"
14913,"Espumante Natural Brut Casa Geraldo 750ml"
14914,"Espumante Natural Prosecco Brut Casa Geraldo 750ml"
14915,"Vinho Branco de Mesa Suave Soleo Frisante 660ml"
14916,"Vinho Tinto de Mesa Suave Soleo Frisante 660ml"
14924,"Vinho Fino Branco Seco Arte Chardonnay 750ml"
14925,"Vinho Fino Branco Seco Sauvignon Blanc Alma 750ml"
14926,"Vinho Fino Branco Seco Sauvignon Blanc Colheita de Inverno 750ml"
14927,"Vinho Fino Branco Seco Viognier Gran Reserva Colheita de Inverno Terroir 750ml"
14928,"Vinho Fino Branco Seco Chardonnay Sauvignon Blanc Riesling White Blend 3 Tons Seco 750ml"
14929,"Vinho Tinto Horizonte 750ml"
14930,"Vinho Fino Branco Suave Glamour 750ml"
14931,"Vinho Rosé Horizonte 750ml"
14932,"Vinho Fino Branco Suave Moscato Colheita Tardia 375ml"
14933,"Vinho Branco Horizonte 750ml"
14934,"Vinho Rosado Licoroso Doce Litúrgico 740ml"
14935,"Vinho Fino Rosé Seco Syrah Colheita de Inverno 500ml"
14936,"Vinho Fino Rosé Suave Miss 750ml"
14937,"Vinho Fino Tinto Meio Seco Red Blend 3 Tons Seco 750ml"
14938,"Vinho Nobre Tinto Seco Cabernet Franc Gran Reserva Colheita Inverno Terroir 750ml"
14939,"Vinho Fino Tinto Seco Malbec Todo Bien 750ml"
14940,"Vinho Tinto de Mesa Seco Bordô Clássico Campino 750ml"
14941,"Vinho Tinto de Mesa Seco Bordô Clássico Campino 375ml"
14942,"Vinho Fino Tinto Seco Merlot Casa Geraldo 750ml"
14943,"Vinho Fino Tinto Seco Shiraz Casa Geraldo 750ml"
14944,"Vinho Fino Tinto Seco Cabernet Sauvignon Segredo 750ml"
14945,"Vinho Fino Tinto Seco Shiraz Jatobá Casa Geraldo 750ml"
14946,"Vinho Fino Tinto Seco Tannat Casa Geraldo 750ml"
14947,"Vinho Tinto de Mesa Suave Assemblage Clássico 375ml"
14948,"Vinho Nobre Tinto Seco Syrah Reserva Colheita de Inverno 750ml"
14949,"Vinho Tinto de Mesa Suave Bordô Casa Geraldo 750ml"
14950,"Vinho Tinto de Mesa Suave Assemblage Clássico 750ml"
14990,"Vinho Tinto de Mesa Suave Bordô Casa Geraldo 375ml"
14991,"Vinho Tinto de Mesa Seco Folha de Figo Tradicional 750ml"
14992,"Vinho Fino Tinto Seco Cabernet Sauvignon Origens 750ml"
14993,"Espumante Branco Doce Moscatel Casa Geraldo 750ml"
14994,"Vinho Fino Tinto Seco Franc Red Blend 3 Tons 750ml"
14995,"Vinho Nobre Tinto Seco Cabernet Sauvignon Gran Reserva Colheita Inverno Terroir 750ml"
14996,"Vinho Nobre Tinto Seco Merlot Gran Reserva Colheita Inverno Terroir 750ml"
14997,"Vinho Fino Rosé Seco Pink Blend 3 Tons 750ml"
15040,"Vinho Branco Frisante Lovin 269ml"
15041,"Vinho Rosé Frisante Lovin 269ml"
15042,"Vinho Rosé Seco Lovin 269ml"
15108,"Vinho Bordô Tinto Seco Góes Tradição 750ml"
15109,"Vinho Tinto Suave Bordô Tradição Góes 750ml"
15110,"Vinho Branco Seco Góes Tradição 750ml"
15111,"Vinho Rosado Licoroso Góes Tradição 750ml"
15113,"Vinho Bordô Tinto Seco Quinta Jubair 750ml"
15115,"Vinho Bordô Tinto Demi-Sec Quinta Jubair 750ml"
15116,"Vinho Trópicos BRS Lorena Branco Seco Tempos de Góes 750ml"
15117,"Vinho Cabernet Sauvignon Demi-Sec Tempos de Góes 750ml"
15118,"Vinho Cabernet Sauvignon Seco Tempos de Góes 750ml"
15119,"Vinho Cabernet Sauvignon Suave Tempos de Góes 750ml"
15120,"Vinho Branco Frisante Demi-Sec Donnatella 660ml"
15121,"Vinho Branco Frisante Suave Donnatella 660ml"
15122,"Vinho Tinto Frisante Lambrusco Donnatella 660ml"
15123,"Vinho Tinto Seco Cabernet Sauvignon Sauv 269ml"
15124,"Vinho Branco Seco Lorena Sauv 269ml"
15125,"Vinho Rosé Seco Frisante Sauv 269ml"
15126,"Vinho Branco Suave Frisante Sauv 269ml"
15127,"Espumante Saint Tropez Moscatel 750ml"
15128,"Espumante Saint Tropez Moscatel Rosé 750ml"
15129,"Espumante Saint Tropez Brut 750ml"
15130,"Espumante Saint Tropez Brut Rosé 750ml"
15219,"Vinho Rosé Zinfandel Crane Lake White 750ml"
15220,"Vinho Tinto Malbec Crane Lake White 750ml"
15221,"Vinho Branco Chardonnay De Loach 750ml"
15222,"Vinho Rosé De Loach 750ml"
15223,"Vinho Tinto Cabernet Sauvignon De Loach 750ml"
15224,"Vinho Tinto Merlot De Loach 750ml"
15225,"Vinho Tinto Pinot Noir De Loach 750ml"
15226,"Vinho Tinto Zinfandel De Loach 750ml"
15227,"Vinho Tinto Cabernet Sauvignon Estrella 750ml"
15228,"Vinho Branco Chardonnay Estrella 750ml"
15229,"Vinho Tinto Cabernet Sauvignon Forest Ville 750ml"
15230,"Vinho Tinto Pinot Noir Forest Ville 750ml"
15231,"Vinho Tinto Cabernet Sauvignon Fox Brook 750ml"
15232,"Vinho Branco Chardonnay Fox Brook 750ml"
15233,"Vinho Tinto Shiraz Fox Brook 750ml"
15304,"Vinho Branco Periquita 750ml"
15305,"Vinho Rosé Periquita 750ml"
15313,"Espumante Rosé Brut Ouro Salton 750ml"
15315,"Vinho Rosé Frisante Lunae Salton 269ml"
15316,"Vinho Tinto Seco Corte Paradoxo Salton 750ml"
15396,"Vinho Branco Blend Novecento 750ml"
15397,"Vinho Tinto Seco Cabernet Sauvignon Granja União 750ml"
15398,"Vinho Rosé Merlot Granja União 750ml"
15400,"Espumante Vero Demi-Sec Rosé Garibaldi 750ml"
15401,"Espumante Vero Brut Rosé Garibaldi 750ml"
15402,"Espumante Moscatel Branco Garibaldi 750ml"
15403,"Espumante Prosecco Brut Garibaldi 750ml"
15404,"Vinho Rosé DOP Utiel Requena Toro Loco 750ml"
15405,"Vinho Branco Viura Sauvignon Blanc Toro Loco 750ml"
15406,"Vinho Tinto Superior DOP Utiel Requena Toro Loco 750ml"
15407,"Vinho Tinto Tannat Don Pascual Reservado 750ml"
15408,"Vinho Rosé Zinfandel Woodbridge White Robert Mondavi 750ml"
15409,"Vinho Frisante Branco Lambrusco Anella Andreani 750ml"
15410,"Vinho Frisante Tinto Lambrusco Anella Andreani 750ml"
15411,"Vinho Espumante Branco Brut Novecento 750ml"
15412,"Vinho Espumante Branco Doce Novecento 750ml"
15706,"Vinho Branco Riesling Almadén by Miolo 750ml"
15707,"Vinho Branco Chardonnay Almadén 750ml"
15708,"Vinho Tinto Cabernet Suave Almadén 750ml"
15710,"Espumante Branco Cuvée Nature Miolo 750ml"
15711,"Espumante Branco Cuvée Brut Miolo 750ml"
15712,"Espumante Rosé Cuvée Brut Miolo 750ml"
15715,"Vinho Tinto Cabernet Franc Almadén 750ml"
16435,"Vinho Tinto Demi-Sec Canção 750ml"
15719,"Vinho Rosé Cabernet Suave Almadén 750ml"
15720,"Vinho Fino Branco Suave Almadén 750ml"
15721,"Vinho Branco Frisante Almadén 750ml"
15753,"Vinho Bianco Chardonnay Veroni 750ml"
15820,"Chopp com Vinho Santomé 269ml"
15822,"Vinho Tinto Bordô Suave Premium Santomé 1L"
15823,"Vinho Tinto Bordô Suave Santomé 269ml"
15824,"Vinho Tinto Bordô Suave Santomé 1L"
15896,"Cooler de Pêssego Tinto Pérgola 750 ML"
15897,"Cooler de Pêssego Branco Pérgola 750ml"
15898,"Cooler de Morango Tinto Pérgola 750ml"
15904,"Vinho Tinto Suave de Mesa Pérgola 375ml"
15905,"Vinho Tinto Seco Pérgola 375ml"
15906,"Vinho Frisante Branco Demi-Sec Pérgola 650ml"
15907,"Vinho Tinto Seco Pérgola 750ml"
15908,"Vinho Branco Suave Pérgola 750ml"
15909,"Vinho Branco Seco Pérgola 750ml"
15910,"Vinho Tinto de Mesa Seco Pérgola 1L"
15911,"Vinho Branco de Mesa Seco Pérgola 1L"
15912,"Vinho Tinto Demi-Sec Bordô Pérgola 1L"
15913,"Vinho Tinto Bordô Suave Pérgola 1L"
15914,"Vinho Tinto Bordô Seco Pérgola 1L"
15915,"Vinho Tinto Cabernet Sauvignon Zanotto 750ml"
15916,"Vinho Branco Chardonnay Zanotto 750ml"
15917,"Vinho Tinto Merlot Zanotto 750ml"
15918,"Vinho Branco Gewurztraminer Zanotto 750ml"
15919,"Vinho Rosé Merlot Zanotto 750ml"
15920,"Vinho Tinto Pinot Noir Zanotto 750ml"
15921,"Vinho Tinto Tannat Zanotto 750ml"
15922,"Espumante Moscatel Zanotto 750ml"
15923,"Espumante Brut Zanotto 750ml"
15924,"Vinho Branco Assemblage Zanotto 750ml"
15925,"Vinho Tinto Malbec Zanotto 750ml"
15926,"Vinho Branco Sauvignon Blanc Zanotto 750ml"
15927,"Espumante Rosé Dadá 750ml"
15928,"Espumante Branco Dadá 750ml"
15929,"Vinho Tinto Malbec e Bonarda Dadá Nº1 750ml"
15930,"Vinho Tinto Merlot Dadá Nº2 750ml"
15931,"Vinho Tinto Syrah e Cabernet Sauvignon Dadá Nº3 750ml"
15932,"Vinho Tinto Cabernet Sauvignon Dadá 750ml"
15933,"Vinho Tinto Malbec Dadá 750ml"
16336,"Vinho Tinto Seco Canção 750ml"
16337,"Vinho Tinto Suave Canção 750ml"
16429,"Vinho Tinto Suave Bordô Canção 750ml"
16431,"Espumante Moscatel Branco Canção 750ml"
16436,"Vinho Rosé Suave Canção 750ml"
16437,"Vinho Branco Seco Canção 750ml"
16438,"Vinho Branco Suave Canção 750ml"
16439,"Vinho Tinto Cabernet Sauvignon Seco Canção 750ml"
16440,"Vinho Tinto Cabernet Sauvignon Suave Canção 750ml"
16441,"Vinho Branco Moscato Seco Canção 750ml"
16442,"Vinho Branco Moscato Suave Canção 750ml"
16443,"Espumante Moscatel Rosé Canção 750ml"
16444,"Vinho Tinto Seco Canção 1L"
16445,"Vinho Tinto Suave Canção 1L"
16448,"Vinho Tinto Seco Canção Quinta Vinha Pet 1,9L"
16449,"Vinho Tinto Suave Canção Quinta Vinha Pet 1,9L"
16450,"Cooler Uva Canção 750ml"
16451,"Cooler Pêssego Canção 750ml"
16452,"Cooler Morango Canção 750ml"
16453,"Cooler Abacaxi Canção 750ml"
16454,"Vinho Tinto Seco Bordô Canção 750ml"
16497,"Kit Vinho Tinto Cabernet Sauvignon Fabenne Bag 3L + 4 Taças"
16498,"Kit Vinho Branco Moscato Fabenne Bag 3L + 4 Taças"
16499,"Kit Vinho Rosé Cabernet Fabenne Bag 3L + 4 Taças"
16579,"Vinho Tinto Merlot Lovin 269ml"
16580,"Vinho Branco Seco Lovin 269ml"
16656,"Kit Vivant | 5 Latas"
16732,"Vinho Tinto Cabernet Sauvignon Gravedad 750ml"
16733,"Vinho Tinto Cabernet Sauvignon e Carménère Gravedad 750ml"
16734,"Vinho Tinto Carménère Gravedad 750ml"
16735,"Vinho Branco Sauvignon Blanc Gravedad 750ml"
16736,"Vinho Tinto Villa Rosa Colheita 375ml"
16737,"Vinho Branco Chão do Conde Privado 750ml"
16738,"Vinho Tinto Chão do Conde Privado 750ml"
16739,"Vinho Branco Villa Rosa 750ml"
16740,"Vinho Rosé Villa Rosa 750ml"
16741,"Vinho Tinto Cabernet Sauvignon Foodkiller 750ml"
16742,"Vinho Tinto Cabernet Sauvignon e Merlot Foodkiller 750ml"
16743,"Vinho Tinto Carménère Foodkiller 750ml"
16744,"Vinho Branco Chardonnay Foodkiller 750ml"
16745,"Vinho Branco Península de Setubal Sadino 750ml"
16746,"Vinho Rosé Península de Setubal Sadino 750ml"
16747,"Vinho Branco Maxime 750ml"
16748,"Vinho Rosé Maxime 750ml"
16749,"Vinho Branco Chão do Conde Colheita 750ml"
16750,"Vinho Rosé Chão do Conde Colheita 750ml"
16751,"Vinho Tinto Chão do Conde Colheita 750ml"
16752,"Vinho Tinto Seco Corsarini 750ml"
16753,"Vinho Tinto Cabernet Sauvignon Humberto Canale Denario 750ml"
16754,"Vinho Tinto Malbec Humberto Canale Denario 750ml"
16755,"Vinho Branco Sauvignon Humberto Canele Denario 750ml"
16756,"Vinho Branco Pacheca 750ml"
16757,"Vinho Rosé Pacheca 750ml"
16758,"Vinho Tinto Pacheca 750ml"
16759,"Vinho Branco Adèle 750ml"
16760,"Vinho Rosé Adèle 750ml"
16761,"Vinho Tinto Adèle 750ml"
16762,"Vinho Branco Chão do Conde Reserva 750ml"
16763,"Vinho Tinto Chão do Conde Reserva 750ml"
16764,"Vinho Tinto Cabernet Sauvignon Punta de Lobos Reserva 750ml"
16765,"Vinho Tinto Carménère Punta de Lobos Reserva 750ml"
16766,"Vinho Branco Chardonnay Punta de Lobos Reserva 750ml"
16767,"Vinho Tinto Malbec Punta de Lobos Reserva 750ml"
16769,"Vinho Tinto Merlot Punta de Lobos Reserva 750ml"
16772,"Vinho Branco Sauvignon Blanc Punta de Lobos Reserva 750ml"
16773,"Vinho Tinto Malbec Premium Yyuhan Estate 750ml"
16774,"Vinho Tinto Cabernet Sauvignon Premium Yyuhan Estate 750ml"
16775,"Vinho Tinto Bertoli Chianti 750ml"
16776,"Vinho Branco Colheita Especial AR 750ml"
16777,"Vinho Tinto Colheita Especial AR 750ml"
16781,"Vinho Tinto Villa Rosa 750ml"
16784,"Vinho Tinto Península de Setubal Sadino 750ml"
16785,"Vinho Tinto Maxime 750ml"
16786,"Vinho Branco Sauvignon Blanc Humberto Canale Denario 750ml"
17072,"Blasfemia Branco 220ml"
17073,"Blasfemia Rosé 220ml"
